,Unnamed: 0,Unnamed: 0.1,Language,Gender,Filename,Text
0,0.0,0.0,cn,male,65.wav,[u'\u5982\u679c\u5230\u4e86\u65f6\u95f4\u6211\u8be5']
1,1.0,1.0,cn,male,39.wav,[u'\u6536\u85cf\u65e7\u8f66\u6536\u85cf\u54c8\u54c8']
2,2.0,2.0,cn,male,54.wav,[u'\u6211\u6ca1\u6709\u88ab\u9a6f\u670d\u4ec0\u4e48\u5bb6\u9a6f\u670d\u9a6f\u670d\u7684\u610f\u601d\u662f\u5236\u9020\u7f81\u7eca\u5bf9\u6211\u6765\u8bf4\u4f60\u53ea\u662f\u4e00\u4e2a\u666e\u901a\u7684\u5c0f\u7537\u5b69\u513f\u548c\u5176\u4ed6\u5343\u5343\u4e07\u4e07\u7684\u5c0f\u7537\u5b69\u6ca1\u6709\u533a\u522b\u6211\u5e76\u4e0d\u9700\u8981\u4f60\u4e5f\u4e0d\u9700\u8981\u6211\u5bf9\u4f60\u6765\u8bf4\u6211\u5c31\u662f\u4e00\u53ea\u666e\u901a\u7684\u72d0\u72f8\u548c\u5176\u4ed6\u5343\u5343\u4e07\u4e07\u53ea\u72d0\u72f8\u6ca1\u6709\u533a\u522b\u4f46\u5982\u679c\u4f60\u9a6f\u670d\u4e86\u6211\u6211\u4eec\u5c31\u4f1a\u9700\u8981\u5f7c\u6b64']
3,3.0,3.0,cn,male,128.wav,[u'\u8fd9\u5c0f\u5b50\u4e0a\u4eba\u4e00\u5b9a\u4f1a\u5bf9\u6211\u5927\u5931\u6240\u671b']
4,4.0,4.0,cn,male,16.wav,[u'\u55ef\u55ef\u55ef\u55ef']
5,5.0,5.0,cn,male,138.wav,[u'\u6211\u60f3\u4e0d\u8d77\u4f60\u8bf4\u8fc7\u4ec0\u4e48']
6,6.0,6.0,cn,male,60.wav,[u'\u521b\u65b0\u6027']
7,7.0,7.0,cn,male,0.wav,[u'\u5728\u6211\u516d\u5c81\u7684\u65f6\u5019\u8bfb\u5230\u8fc7\u4e00\u672c\u5047\u5982\u6709\u68ee\u6797\u4e66\u91cc\u8bf4\u5176\u5b9e\u7684\u65f6\u5019\u4f1a\u54cd']
8,8.0,8.0,cn,male,108.wav,[u'\u7f8e\u5973']
9,9.0,9.0,cn,male,62.wav,[u'\u5168\u56fd\u5973\u51fa\u5ac1\u4e86\u6765\u7684\u6b63\u53ca\u65f6\u7b49\u7b49']
10,10.0,10.0,cn,male,68.wav,[u'\u624b\u6307\u7684\u65f6\u5019\u53ef\u4ee5\u5403\u5230\u514d\u8d39\u7684\u677e\u997c']
11,11.0,11.0,cn,male,53.wav,[u'\u80af\u5fb7\u57fa']
12,12.0,12.0,cn,male,64.wav,[u'\u5982\u679c\u5982\u679c\u6211\u80fd\u8ba9\u98de\u673a\u98de\u8d77\u6765\u7684\u753b']
13,13.0,13.0,cn,male,79.wav,[u'\u5e73\u51c9\u5e02\u6211\u4eec\u627e\u5230\u4e86\u4e00\u53e3\u4e95']
14,14.0,14.0,cn,male,38.wav,[u'\u4f60\u77e5\u9053\u751f\u6d3b\u4e2d\u6709\u4e9b\u4e1c\u897f\u4f1a\u8ba9\u4f60\u4e00\u89c1\u949f\u60c5\u6709\u4e00\u4e2a\u4e13\u95e8\u7684\u540d\u5b57']
15,15.0,15.0,cn,male,126.wav,[u'\u6211\u4eec\u91c7\u7528\u4e00\u5957\u66f4\u4e3a\u5feb\u901f\u6709\u6548\u7684\u65b9\u6cd5\u8ba9\u4f60\u957f\u5927']
16,16.0,16.0,cn,male,119.wav,[u'\u91cc\u5821\u8ddf']
17,17.0,17.0,cn,male,89.wav,[u'\u5f00\u7bb1\u4e86\u6ca1\u6709\u548c\u9500\u552e\u5728\u5ef6\u65f6\u95f4\u4e86']
18,18.0,18.0,cn,male,118.wav,[u'\u55ef\u55ef\u55ef']
19,19.0,19.0,cn,male,52.wav,[u'\u770b\u6765\u521a\u624d\u53ef\u6015\u7684\u7a0b\u5ea6\u5206\u7c7b']
20,20.0,20.0,cn,male,88.wav,[u'\u6211\u53ea\u80fd\u4e00\u4e2a\u4eba\u8d70']
21,21.0,21.0,cn,male,113.wav,[u'\u6211\u60f3\u6709\u65f6\u95f4\u5c31']
22,22.0,22.0,cn,male,136.wav,[u'\u8d70\u4e86']
23,23.0,23.0,cn,male,114.wav,[u'\u6700\u540e\u4e00\u73ed\u8fd9\u4e0b\u6211\u8981\u88ab\u89e3\u96c7\u4e86\u8fd9\u662f\u6211\u6700\u540e\u7684']
24,24.0,24.0,cn,male,96.wav,[u'\u53ea\u8981\u4f60\u7528\u5fc3\u53bb\u770b\u6211\u4f1a\u6c38\u8fdc\u5728\u4f60\u8eab\u8fb9']
25,25.0,25.0,cn,male,46.wav,[u'\u661f\u661f\u51fa\u6765\u4e86']
26,26.0,26.0,cn,male,117.wav,[u'\u4e0d\u8fc7\u662f\u6c99\u5b50\u5f04\u6ca1\u4e86\u5417\u6211\u7528\u4e0d\u7740\u54ed\u6709\u6e29\u67d4']
27,27.0,27.0,cn,male,106.wav,[u'\u8d85\u5851\u6027']
28,28.0,28.0,cn,male,80.wav,[u'\u55ef\u55ef\u55ef\u522b\u90a3\u4e48\u65e9\u8d77']
29,29.0,29.0,cn,male,12.wav,[u'\u88ab\u670b\u53cb\u4eec']
30,30.0,30.0,cn,male,85.wav,[u'\u7b49\u7b49\u7a0d\u5fae\u7b49\u4e00\u4e0b\u806a\u806a\u8bf4\u8d70\u5c31\u8d70']
31,31.0,31.0,cn,male,92.wav,[u'\u7684\u786e\u50cf\u4ed6\u8bf4\u7684\u90a3\u6837\u6211\u4ef0\u671b\u661f\u7a7a\u7684\u65f6\u5019\u80fd\u542c\u89c1\u4ed6\u5728\u6b22\u7b11']
32,32.0,32.0,cn,male,95.wav,[u'\u54e6\u54e6\u5b69\u5b50']
33,33.0,33.0,cn,male,14.wav,[u'\u6211\u771f\u7684\u5f88\u62b1\u6b49\u6211\u660e\u767d\u6211\u7ed9\u9694\u58c1\u4eba\u5bb6\u9020\u6210\u4e86\u5de8\u5927\u7684\u635f\u5931']
34,34.0,34.0,cn,male,51.wav,[u'\u6211\u53ef\u4ee5\u5e26\u7740\u4f60\u53bb\u5230\u4e86']
35,35.0,35.0,cn,male,19.wav,[u'\u597d\u4e86\u5728\u7ebf']
36,36.0,36.0,cn,male,49.wav,[u'\u6211\u73b0\u5728\u53d8\u6210\u5927\u4eba\u4e86\u4f46\u6211\u4ece\u6765\u6ca1\u6709\u5fd8\u8bb0\u5c0f\u738b\u5b50']
37,37.0,37.0,cn,male,110.wav,[u'\u5de5\u4f5c']
38,38.0,38.0,cn,male,93.wav,[u'\u5982\u679c\u80fd\u786e\u5b9a\u7684\u8bdd\u6211\u81ea\u7136\u5341\u5206\u884c\u4e3a\u4f46\u662f\u4eba']
39,39.0,39.0,cn,male,120.wav,[u'\u6700\u8fd1\u600e\u4e48\u6837\u554a\u8fd8\u597d\u6211\u5f88\u559c\u6b22\u542c\u620f\u5427']
40,40.0,40.0,cn,male,55.wav,[u'\u55ef\u55ef']
41,41.0,41.0,cn,male,11.wav,[u'\u8bf7\u95ee\u4e0b5\u53f7']
42,42.0,42.0,cn,male,37.wav,[u'\u65e2\u7136\u5979\u60f3\u8981\u4e00\u53ea\u7f8a\u8fd9\u5c31\u8db3\u4ee5\u8bc1\u660e\u4ed6\u662f\u9519\u7684']
43,43.0,43.0,cn,male,81.wav,[u'\u6d77\u4e0a\u633a\u4e0d\u9519']
44,44.0,44.0,cn,male,124.wav,[u'\u8fd9\u672c\u4e66\u7684\u5185\u5bb9\u53ca\u5176\u7ecf\u5386']
45,45.0,45.0,cn,male,123.wav,[u'\u4f24\u4eba\u8ddf\u6211\u8bf4\u8d77\u62e8\u8fd9\u4e2a\u8fd9\u662f\u5f53\u65f6\u4f60\u8eab\u4e0a\u7684\u5b69\u7ae5\u65f6\u4ee3\u7684\u8bc1\u660e']
46,46.0,46.0,cn,male,40.wav,[u'\u4ea7\u54c1\u724c\u56de\u7b54\u5462\u4e00\u76f4\u60f3\u7ed9\u5979\u7f1d\u4e00\u5f20\u5634']
47,47.0,47.0,cn,male,134.wav,[u'\u6211\u4e0d\u662f\u6ca1\u53f7\u7801\u56de\u53bb\u5427']
48,48.0,48.0,cn,male,72.wav,[u'\u4ec0\u4e48']
49,49.0,49.0,cn,male,58.wav,[u'\u53ea\u8981\u5c0f\u72d0\u72f8\u7528\u5fc3\u53bb\u770b\u4ed6\u5c31\u4f1a\u770b\u5230\u5c0f\u738b\u5b50']
50,50.0,50.0,cn,male,86.wav,[u'\u5ff5\u5ff5\u4e0d\u820d']
51,51.0,51.0,cn,male,116.wav,[u'\u6ca1\u5173\u7cfb\u7528\u8d75\u62ec\u7528\u4e0d\u7740\u547c\u4ec0\u4e48\u5927\u795e\u4e00\u4e2a\u6210\u719f\u7684\u7537\u4eba']
52,52.0,52.0,cn,male,76.wav,[u'\u72d0\u72f8\u5148\u751f']
53,53.0,53.0,cn,male,3.wav,[u'\u4f60\u505a\u7684\u5f88\u597d\u5404\u65b9\u9762\u90fd\u5f88']
54,54.0,54.0,cn,male,73.wav,[u'\u4e0a\u5b66\u559d\u4e86\u6ca1\u6709\u600e\u4e48\u7528\u5c31\u5f00\u51fa\u6765\u4e86']
55,55.0,55.0,cn,male,33.wav,[u'\u90a3\u5c31\u662f\u6211\u753b\u7684\u4e0d\u591f']
56,56.0,56.0,cn,male,111.wav,[u'\u54ea\u5412\u600e\u4e48\u5de5\u4f5c\u54e6\u54e6\u54e6\u54e6\u54e6\u4ed6']
57,57.0,57.0,cn,male,137.wav,[u'\u8001\u5929\u7237']
58,58.0,58.0,cn,male,98.wav,[u'\u522b\u7740\u6025\u4e00\u8d77\u6765\u7684\u5c0f\u738b\u5b50\u6c38\u8fdc\u4e0d\u4f1a\u5fd8\u8bb0\u4ed6\u4f1a\u6c38\u8fdc\u548c\u6211\u4eec\u5728\u4e00\u8d77\u5e2e\u52a9\u6211\u4eec']
59,59.0,59.0,cn,male,121.wav,[u'\u5229\u5f3a\u5546\u4eba\u521b\u9020\u51fa\u7684\u4e00\u6837\u65e0\u4e0e\u4f26\u6bd4']
60,60.0,60.0,cn,male,67.wav,[u'\u6211\u77e5\u9053\u4e2a\u597d\u5730\u65b9']
61,61.0,61.0,cn,male,50.wav,[u'\u56fd\u738b\u7684\u624b\u6307\u5934\u8fd8\u8981\u62a2\u767b']
62,62.0,62.0,cn,male,21.wav,[u'\u8001\u5e74\u6591\u79d8\u65b9']
63,63.0,63.0,cn,male,45.wav,[u'\u5728\u79bb\u5f00\u65f6\u4ed6\u56de\u5230\u73ab\u7470\u8eab\u8fb9\u7684\u65c5\u7a0b\u7684\u7b2c\u4e00\u90e8']
64,64.0,64.0,cn,male,97.wav,[u'\u5c31\u50cf\u5c31\u50cf\u6211\u77e5\u9053\u5c0f\u738b\u5b50\u6c38\u8fdc\u4f1a\u548c\u4ed6\u7684\u73ab\u7470\u5728\u4e00\u8d77']
65,65.0,65.0,cn,male,139.wav,[u'\u6211\u8fde\u4f60\u662f\u8c01\u90fd\u60f3\u4e0d\u8d77\u6765\u4e86']
66,66.0,66.0,cn,male,34.wav,[u'\u97e9\u56fd']
67,67.0,67.0,cn,male,135.wav,[u'\u65f6\u7a7a']
68,68.0,68.0,cn,male,36.wav,[u'\u4e0d\u662f\u6052\u661f\u662f\u5c0f\u884c\u661fb612\u5c0f\u884c\u661f']
69,69.0,69.0,cn,male,130.wav,[u'\u4f5c\u8005\u662f\u4ece\u54ea\u62ff\u5230\u7684\u4f46\u6211\u603b\u611f\u89c9']
70,70.0,70.0,cn,male,66.wav,[u'\u4f60\u77e5\u9053\u6211\u8be5\u53bb\u627e\u5c0f\u738b\u5b50\u4e86\u7684\u8bdd']
71,71.0,71.0,cn,male,75.wav,[u'\u91cd\u5c0f\u5de5\u4f5c\u8fc7\u6765\u4ed6\u4eec\u662f\u6253\u7b97\u51fa\u53bb\u5403\u806a']
72,72.0,72.0,cn,male,41.wav,[u'\u6211\u6ca1\u4e8b\u8fd9\u662f\u5e38\u6709\u7684\u4e8b\u513f\u8fc7\u4e00\u4f1a\u513f\u5c31\u597d\u867d\u7136\u4e0a\u6709\u4eba\u8dcc\u5012\u65f6\u6211\u5728\u8fd9\u513f\u7b49\u4e86\u4e09\u5929\u4e09\u5929\u4e86\u6ca1\u4ec0\u4e48\u6240\u4ee5\u6211\u603b\u5728\u515c\u91cc\u63e3\u4e2a\u4ec0\u4e48\u540d\u5b57\u8981\u5403\u996d\u7684\u554a']
73,73.0,73.0,cn,male,63.wav,[u'\u542c\u8bb2\u5929\u4e0b\u6ca1\u6709\u4e0d\u6563\u7684\u7b75\u5e2d\u65e9\u665a\u8981\u8bf4\u518d\u89c1']
74,74.0,74.0,cn,male,48.wav,[u'\u771f\u6b63\u7684\u95ee\u9898\u4e0d\u5728\u4e8e\u957f\u5927\u5728\u4e8e\u9057\u5fd8']
75,75.0,75.0,cn,male,112.wav,[u'\u6211\u4eec']
76,76.0,76.0,cn,male,101.wav,[u'\u55ef\u55ef\u55ef\u55ef\u55ef']
77,77.0,77.0,cn,male,26.wav,[u'\u4e16\u754c\u7684\u6bcf\u4e00\u4e2a\u89d2\u843d\u77e5\u9053\u4e5f']
78,78.0,78.0,cn,male,44.wav,[u'\u6700\u5e72\u561b\u4ed6\u5f53\u65f6\u4e5f\u4e0d\u77e5\u9053']
79,79.0,79.0,cn,male,83.wav,[u'\u4ee5\u540e\u4f60\u4e0d\u80fd\u518d\u5230\u8fd9\u513f\u6765\u4e86']
80,80.0,80.0,cn,male,10.wav,[u'\u5b83\u540e\u9762\u7684\u771f\u7684\u6709\u4e00\u67b6\u98de\u673a\u8001\u5934\u597d\u51e0\u5e74\u524d\u5c31\u5347\u5929\u4e86\u8c22\u5929\u8c22\u5730\u548c\u59b9\u59b9\u4f4f\u5728\u4ed6\u5bb6\u9694\u58c1']
81,81.0,81.0,cn,male,141.wav,[u'\u8fd9\u4e8b\u4f60\u505a\u7684']
82,82.0,82.0,cn,male,87.wav,[u'\u4f46\u662f\u5982\u679c\u771f\u5230\u4e86\u6211\u8be5\u79bb\u5f00\u7684\u90a3\u4e00\u5929']
83,83.0,83.0,cn,male,1.wav,[u'\u8fd9\u4e2a\u4e16\u754c\u4e0a\u6709\u8c01\u4f1a']
84,84.0,84.0,cn,male,133.wav,[u'\u5feb\u70b9\u653e\u4e00\u4e0b\u4ec0\u4e48\u6211\u4e0d\u662f\u81ea\u5351']
85,85.0,85.0,cn,male,47.wav,[u'\u6211\u548c\u4ed6\u4eec\u5173\u7cfb\u5bc6\u5207\u5f88\u7d2f\u4e5f\u6ca1\u6709\u6539\u53d8\u6211\u5bf9\u4ed6\u4eec\u7684\u770b\u6cd5']
86,86.0,86.0,cn,male,59.wav,[u'\u7b49\u4f60\u5b66\u4f1a\u4e86\u4f60\u5c31\u6c38\u8fdc\u4e0d\u4f1a\u8ba1\u5212\u4e86']
87,87.0,87.0,cn,male,35.wav,[u'\u600e\u4e48\u4f1a\u4ec0\u4e48\u8bf4\u5427\u4f60\u60f3\u95ee\u4ec0\u4e48']
88,88.0,88.0,cn,male,131.wav,[u'\u5bf9\u6211\u5f88\u91cd\u8981']
89,89.0,89.0,cn,male,129.wav,[u'\u4e3a\u77e5\u4e0d\u77e5\u9053\u8fd9\u662f\u4ec0\u4e48']
90,90.0,90.0,cn,male,2.wav,[u'\u6211\u5fd8\u8bb0\u4e86\u6240\u6709\u5b69\u7ae5\u65f6\u671f']
91,91.0,91.0,cn,male,18.wav,[u'\u975e\u5e38\u5c0f']
92,92.0,92.0,cn,male,32.wav,[u'\u54e6\u54e6\u4f60\u4e0d\u559c\u6b22']
93,93.0,93.0,cn,male,115.wav,[u'\u4f60\u4e3a\u4ec0\u4e48\u8fd9\u4e48\u505a\u4e3a\u4ec0\u4e48\u5440']
94,94.0,94.0,cn,male,13.wav,[u'\u54e6\u662f\u8fd9\u6837\u7684\u6211\u521a\u521a\u771f\u5fc3\u5728\u73a9\u513f\u6865\u724c\u4e00\u8d77\u73a9\u5417']
95,95.0,95.0,cn,male,109.wav,[u'\u6ca1\u4e8b\u5427\u6ca1\u4e8b\u513f']
96,96.0,96.0,cn,male,90.wav,[u'\u4e0d\u77e5\u9053\u600e\u4e48\u56de\u4e8b\u4ed6\u77e5\u9053\u6211\u7684\u98de\u673a\u4fee\u597d\u4e86']
97,97.0,97.0,cn,male,30.wav,[u'\u4f60\u8981\u7684\u9633\u4fee\u8d5b\u8f66']
98,98.0,98.0,cn,male,105.wav,[u'\u554a\u554a\u554a']
99,99.0,99.0,cn,male,43.wav,[u'\u5e78\u597d\u8fd8\u6709\u5f88\u591a\u597d\u7684\u79cd\u5b50\u6709\u4e00\u5929\u98ce\u5439\u6765\u4e00\u7c92\u79cd\u5b50']
100,100.0,100.0,cn,male,15.wav,[u'\u8981\u6253\u6211\u5417\u90a3\u5012\u4e0d\u81f3\u4e8e\u6653\u5f97']
101,101.0,101.0,cn,male,56.wav,[u'\u5e05\u54e5']
102,102.0,102.0,cn,male,125.wav,[u'\u5355\u500d\u884c\u8ddd']
103,103.0,103.0,cn,male,94.wav,[u'\u6211\u8fd8\u662f\u5b81\u613f\u9009\u62e9\u76f8\u4fe1\u4ed6\u5c31\u5728\u54ea']
104,104.0,104.0,cn,male,31.wav,[u'\u7b49\u7b49\u6211\u60f3\u9605\u8bfb']
105,105.0,105.0,cn,male,127.wav,[u'\u54e6\u51b2\u52a8\u662f\u9b54\u9b3c']
106,106.0,106.0,cn,male,42.wav,[u'\u5c0f\u738b\u5b50\u5fc3\u60c5\u7684\u4ea7\u51fa\u90a3\u4e9b\u6811\u82d7\u5982\u679c\u4ea7\u51fa\u7684\u592a\u8fdf']
107,107.0,107.0,cn,male,122.wav,[u'\u8012\u9633\u7684\u8bdd\u4f60\u5c31\u9519\u4e86\u6253\u9519\u7684']
108,108.0,108.0,cn,male,69.wav,[u'\u662f\u6211\u7684\u751f\u65e5\u4e0d\u77e5\u9053']
109,109.0,109.0,cn,male,61.wav,[u'\u6211\u672c\u6765\u4ee5\u4e3a\u8fd9\u8f88\u5b50\u90fd\u4e0d\u4f1a\u6709\u4eba\u60f3\u542c\u6211\u7684\u6545\u4e8b']
110,110.0,110.0,cn,male,82.wav,[u'\u90a3\u5929\u6211\u5e72\u4e86\u4e00\u4ef6\u4e0d\u597d\u7684\u4e8b\u60c5']
111,111.0,111.0,cn,female,65.wav,[u'\u5929\u6c14\u522b\u53bb']
112,112.0,112.0,cn,female,39.wav,[u'\u5927\u706b\u4e34\u5934\u4e86']
113,113.0,113.0,cn,female,4.wav,[u'\u662f\u7684\u6211\u6709']
114,114.0,114.0,cn,female,22.wav,[u'\u6c7d\u8f66\u653e\u4e00\u67b6\u98de\u673a\u5728\u5bb6\u91cc\u8fd8\u60f3\u518d\u540e\u9762\u5f00']
115,115.0,115.0,cn,female,20.wav,[u'\u9694\u58c1\u7684\u8001\u7237\u7237']
116,116.0,116.0,cn,female,60.wav,[u'\u53ca\u65f6\u662f\u4ec0\u4e48\u610f\u601d']
117,117.0,117.0,cn,female,0.wav,[u'tkttktttime to time to time to time@']
118,118.0,118.0,cn,female,108.wav,[u'\u4e0d\u5e94\u8be5\u5bf9\u4f60\u8bf4']
119,119.0,119.0,cn,female,62.wav,[u'\u4f46\u662f\u8fd8\u6709\u4e24\u5468']
120,120.0,120.0,cn,female,68.wav,[u'\u662f\u56e0\u4e3a\u4ed6\u56db\u6b21\u52a0\u73ed\u6709\u7f51\u5427\u8f93\u6cb9\u7ba1\u5c31\u5f00\u8f66\u6240\u4ee5\u9a7e\u7167\u88ab\u6ca1\u6536\u4e86']
121,121.0,121.0,cn,female,53.wav,[u'\u6211\u7edd\u5bf9\u4e0d\u60f3\u5fd8\u8bb0\u8fd9\u4e9b']
122,122.0,122.0,cn,female,64.wav,[u'\u5988\u5988\u6211\u53ef\u5c4b\u91cc\u7b49\u7740\u8fdb\u53bb']
123,123.0,123.0,cn,female,91.wav,[u'\u5e0c\u671b\u6211\u5728\u4f60\u79bb\u5f00\u540e\u4ee5\u8fd9\u6837\u505a\u5417']
124,124.0,124.0,cn,female,38.wav,[u'\u6211\u8bb0\u5f97\u6211\u5bf9\u7ea2\u5c18\u8fc7\u654f']
125,125.0,125.0,cn,female,89.wav,[u'\u56de\u5230\u4e86\u73ab\u7470\u8eab\u8fb9']
126,126.0,126.0,cn,female,52.wav,[u'\u6211\u89c9\u5f97\u6211\u6709\u70b9\u4e0d\u60f3\u957f\u5927\u4e86']
127,127.0,127.0,cn,female,88.wav,[u'\u4f60\u8bf4\u4ed6\u5c31\u5728\u5929\u4e0a\u4e0d\u662f\u5417']
128,128.0,128.0,cn,female,24.wav,[u'\u660e\u65e9\u7ed9\u76db\u5b9d\u4e0a\u6253\u7535\u8bdd\u7136\u540e\u628a\u9694\u58c1\u7684\u90a3\u4e2a\u8001\u5934\u5f7b\u5e95\u5fd8\u6389\u5fd8\u6389\u4e86']
129,129.0,129.0,cn,female,96.wav,[u'\u660e\u5929\u662f\u8fd9\u6837\u7684\u65e5\u5b50']
130,130.0,130.0,cn,female,46.wav,[u'\u591a\u4e86\u5f88\u591a\u4e1c\u897f']
131,131.0,131.0,cn,female,28.wav,[u'\u753b\u753b\u6211\u53ef\u4e0d\u4f1a\u753b\u753b']
132,132.0,132.0,cn,female,106.wav,[u'\u5e72\u561b\u8981\u77e5\u9053']
133,133.0,133.0,cn,female,80.wav,[u'\u8bf7\u5e2e']
134,134.0,134.0,cn,female,12.wav,[u'\u65f6\u95f4\u505a\u51c6\u5907\u4f46\u662f\u6362\u7b97\u6210\u5c0f\u65f6\u5c31\u6709\u591a\u5c11']
135,135.0,135.0,cn,female,85.wav,[u'\u8718\u86db\u4fa0\u6211\u4e00\u4e2a\u4eba']
136,136.0,136.0,cn,female,92.wav,[u'\u770b\u5929\u4e0a\u7684\u661f\u661f']
137,137.0,137.0,cn,female,95.wav,[u'\u4e0d\u8981\u592a\u5e2e\u5fd9']
138,138.0,138.0,cn,female,8.wav,[u'\u55ef\u5988\u5988']
139,139.0,139.0,cn,female,14.wav,[u'\u6211\u90fd\u4e0d\u786e\u5b9a\u6211\u80fd\u4e0d\u80fd\u505a\u5230\u4f60\u80fd\u505a\u5230\u7684\u53bb\u5427\u6709\u4eba\u58f0\u7684\u6280\u80fd']
140,140.0,140.0,cn,female,9.wav,[u'\u771f\u89c9\u5f97\u6211\u53bb\u5457\u4e0a\u5367\u56db\u7684\u524d\u7f6e\u5417\u8fd9\u4e2a\u6691\u5047\u4f60\u5c31\u53bb\u914d\u4e86\u56e0\u4e3a\u6211\u7ed9\u4f60\u5403\u70b9\u7684\u7ed9\u6c14\u574f']
141,141.0,141.0,cn,female,51.wav,[u'\u771f\u60f3\u89c1\u89c1\u4ed6']
142,142.0,142.0,cn,female,6.wav,[u'\u8fd9\u662f\u6211\u4eec\u5fc5\u987b\u6539\u7528b\u8ba1\u5212\u8ba1\u5212\u662f\u5929\u65b9\u591c\u8c2d\u6240\u4ee5\u624d\u7528\u4e86ag\u8fd8\u4e00\u53e5\u8bdd\u5c31\u662f\u65b0\u7684a\u8ba1\u5212']
143,143.0,143.0,cn,female,19.wav,[u'\u4f60\u54ea\u6765\u8fd9\u4e48\u591a\u96f6\u94b1']
144,144.0,144.0,cn,female,49.wav,[u'\u5982\u679c\u4f60\u7528\u529f\u5b66\u4e60\u4e25\u683c\u6267\u884c\u548c\u5236\u5b9a\u7684\u4eba\u751f\u5927\u5e1d']
145,145.0,145.0,cn,female,110.wav,[u'\u60f3\u8ddf\u522b\u4eba\u5236\u9020\u7f81\u7eca\u5c31\u8981\u627f\u53d7\u6d41\u6cea\u7684\u98ce']
146,146.0,146.0,cn,female,93.wav,[u'\u76f8\u4fe1\u4f60\u8fd8\u5728\u6211\u8eab\u8fb9']
147,147.0,147.0,cn,female,55.wav,[u'\u8303\u51b0\u51b0\u518d\u7ffb\u4e00\u500d']
148,148.0,148.0,cn,female,11.wav,[u'\u5728\u81ea\u5df1\u624b\u91cc\u8981\u505a\u7684\u987a\u5e8f\u662f\u4ece\u4e0a\u5230\u4e0b\u4ece\u5de6\u5230\u53f3\u73b0\u5728\u56de\u6765']
149,149.0,149.0,cn,female,37.wav,[u'\u5c0f\u72d0\u72f8\u53eb\u4ec0\u4e48\u540d\u5b57']
150,150.0,150.0,cn,female,81.wav,[u'\u8fd9\u662f\u6700\u540e\u4e00\u6b21\u662f\u4ec0\u4e48\u98de\u673a\u53d1\u52a8\u8d77\u6765']
151,151.0,151.0,cn,female,40.wav,[u'\u6211\u60f3\u4f60\u4e5f\u4e0d\u4f1a\u6709\u8bc4\u5206\u7684\u5230\u4e86\u665a\u4e0a\u6211\u8981\u4f60\u5e2e\u6211\u653e\u5728\u73bb\u7483\u7167\u7684\u90e8\u961f\u4e0a\u7684\u8bdd\u6211\u53ef\u4e0d\u53ef\u4e70\u7684']
152,152.0,152.0,cn,female,107.wav,[u'\u8fd8\u65e9\u5462\u53bb\u5b66\u6821\u4e4b\u524d\u6211\u4eec\u8981\u53bb\u4e00\u8d9f\u533b\u9662']
153,153.0,153.0,cn,female,72.wav,[u'\u4f60\u548c\u4f60\u7684\u4eba\u751f\u5927\u8ba1\u5bf9\u6211\u6765\u8bf4\u90fd\u5f88\u91cd\u8981\u8fd9\u662f\u540c\u4e00\u56de\u4e8b\u8fd9\u662f\u4f60\u7684\u4eba\u751f\u53ea\u6709\u6211\u4e00\u4e2a\u4eba\u628a\u4f60\u7684\u4eba\u751f\u5f53\u56de\u4e8b\u4f60\u7406\u60f3\u4e2d\u7684\u6211\u7684\u4eba\u751f']
154,154.0,154.0,cn,female,25.wav,[u'\u6709\u4e00\u4e2a\u5c0f\u738b\u5b50']
155,155.0,155.0,cn,female,23.wav,[u'\u6211\u5728\u6253\u7535\u8bdd\u7ed9\u4fdd\u9669\u516c\u53f8\u6253\u8fc7\u4e86\u8fd8\u8981\u586b\u7684\u8868\u683c\u90fd\u62cd\u8fc7\u4e86\u6548\u679c\u5dee\u4e86\u70b9']
156,156.0,156.0,cn,female,58.wav,[u'\u4f60\u4eec\u662f\u8c01']
157,157.0,157.0,cn,female,104.wav,[u'\u6211\u4eec\u53ef\u4ee5\u4e3a']
158,158.0,158.0,cn,female,86.wav,[u'\u53d1\u751f\u4e86\u4ec0\u4e48']
159,159.0,159.0,cn,female,76.wav,[u'\u7f8e\u5973\u4e0d\u89c1\u8e2a\u5f71\u8fd8\u6709\u591a\u4e45']
160,160.0,160.0,cn,female,3.wav,[u'\u4f60\u53bb\u5457\u751f\u6d3b4\u5b66\u9662\u7684\u94b1']
161,161.0,161.0,cn,female,73.wav,[u'\u5982\u679c\u4f60\u591a\u70b9\u65f6\u95f4\u966a\u6211\u4f60\u5c31\u4f1a\u660e\u767d']
162,162.0,162.0,cn,female,70.wav,[u'\u5bf9\u4f60\u7684\u4eba\u751f\u5927\u8ba1\u6492\u8c0e\u8fd9\u4e2a\u8fd9\u662f\u4e00\u4e2a\u73ed\u51e0\u70b9\u6f2f\u6cb3']
163,163.0,163.0,cn,female,33.wav,[u'\u7136\u540e\u6211\u89c9\u5f97\u8fd9\u6545\u4e8b\u5f88\u5feb']
164,164.0,164.0,cn,female,17.wav,[u'\u5148\u751f\u4f60\u662f\u4e0d\u662f\u53c8\u8981\u53d1\u9001\u7684\u5bb6\u98de\u673a\u4e86']
165,165.0,165.0,cn,female,5.wav,[u'\u770b\u6837\u5b50\u4ed6\u4eec\u628a\u7ec8\u6781\u95ee\u9898\u6539']
166,166.0,166.0,cn,female,98.wav,[u'\u4f5b\u5c71\u6cf0\u5dde']
167,167.0,167.0,cn,female,67.wav,[u'\u670b\u53cb\u4ed6\u751a\u81f3\u8fde\u9a7e\u7167\u90fd\u6ca1\u6709']
168,168.0,168.0,cn,female,77.wav,[u'\u6211\u8ba4\u4e3a\u4ed6\u4ece\u81ea\u5df1\u7684\u661f\u7403\u9003\u79bb\u7684\u65f6\u5019\u53ef\u80fd\u662f\u501f\u52a9\u4e86\u8fc1\u5f99\u7684\u9e1f\u53bb\u54ea\u4e86']
169,169.0,169.0,cn,female,21.wav,[u'\u73b0\u5728\u8bf4\u662f\u8b66\u5bdf\u53d4\u53d4\u4ed6\u7ed9\u6211\u7684\u540d\u79f0']
170,170.0,170.0,cn,female,45.wav,[u'\u90a3\u4f60\u4eca\u5929\u4e00\u5929\u5728\u5e72\u561b']
171,171.0,171.0,cn,female,78.wav,[u'\u519b\u5a5a']
172,172.0,172.0,cn,female,34.wav,[u'\u6211\u662f\u8bf4\u5f88\u5947\u7279\u5f88\u6709\u8da3\u5bf9\u4e8e\u91cc\u9762\u7684\u60c5\u8282\u6211\u6709\u51e0\u4e2a\u95ee\u9898\u53ef\u4ee5\u95ee']
173,173.0,173.0,cn,female,57.wav,[u'\u563f\u563f\u563f']
174,174.0,174.0,cn,female,102.wav,[u'\u4ed6\u4e0d\u662f\u4f60\u7684\u5ba0\u7269\u4ed6\u662f\u4f60\u7684\u670b\u53cb']
175,175.0,175.0,cn,female,36.wav,[u'\u6211\u4eec\u8fd8\u6ca1\u5b66\u8fc7\u5c0f\u884c\u661f']
176,176.0,176.0,cn,female,66.wav,[u'\u4f60\u7684\u65e5\u7a0b\u8868\u8fd8\u505c\u7559\u5728\u6628\u5929\u662f\u4e0d\u662f\u663e\u793a\u5728\u7761\u89c9']
177,177.0,177.0,cn,female,7.wav,[u'\u6709\u90a3\u79cd\u623f\u5b50\u6211\u4eec\u624d\u80fd\u4e70\u5f97\u8d77\u8fd9\u680b\u623f\u5b50\u91cc\u624d\u80fd\u7528']
178,178.0,178.0,cn,female,29.wav,[u'\u8fd9\u8ddf\u6211\u60f3\u8981\u7684\u4e00\u6a21\u4e00\u6837']
179,179.0,179.0,cn,female,75.wav,[u'\u6c38\u8fdc\u90fd\u5728\u57cb\u5934\u5de5\u4f5c']
180,180.0,180.0,cn,female,41.wav,[u'\u770b\u7559\u4e0b\u4e86\u4ed6\u4e00\u4e2a\u4eba']
181,181.0,181.0,cn,female,63.wav,[u'\u4f60\u5c31\u4e0d\u77e5\u9053\u4eca\u5929\u662f\u6211\u7684\u751f\u65e5']
182,182.0,182.0,cn,female,103.wav,[u'\u54e6\u54e6']
183,183.0,183.0,cn,female,74.wav,[u'\u4e3a\u4ec0\u4e48\u6211\u5fc5\u987b\u62fc\u547d\u5de5\u4f5c']
184,184.0,184.0,cn,female,48.wav,[u'\u4e5f\u8bb8']
185,185.0,185.0,cn,female,101.wav,[u'\u5e78\u798f\u8fc7\u4e00\u53ea\u50cf\u592a\u9633\u7684\u72d0\u72f8']
186,186.0,186.0,cn,female,26.wav,[u'\u8bf7\u4f60\u7ed9\u6211\u753b\u53ea\u7ef5\u7f8a\u5427']
187,187.0,187.0,cn,female,44.wav,[u'\u8fd8\u6ca1\u6709\u5168\u90e8\u5b8c\u6210']
188,188.0,188.0,cn,female,83.wav,[u'\u6211\u4eec\u7684\u65b0\u7248\u7684\u4e00\u9996']
189,189.0,189.0,cn,female,10.wav,[u'\u8fd9\u4e2a\u8ba1\u5212\u53eb\u4f60\u7684\u4eba\u751f\u5927\u8ba1\u6df1\u5927\u796d']
190,190.0,190.0,cn,female,87.wav,[u'\u6240\u4ee5\u4f46\u5728\u591c\u665a\u4ef0\u671b\u661f\u7a7a\u65f6\u4f60\u4f1a\u89c9\u5f97']
191,191.0,191.0,cn,female,47.wav,[u'\u4e0d\u884c\u4e0d\u884c\u4e0d\u884c\u4e0d\u884c\u4e0d\u884c\u4e0d\u884c\u6885\u897f\u55ef']
192,192.0,192.0,cn,female,59.wav,[u'\u6ca1\u9519\u4f46\u662f\u6211\u4e0d\u5bc2\u5bde\u4f1a\u6709\u4f60\u966a\u7740\u6837']
193,193.0,193.0,cn,female,35.wav,[u'\u90a3\u4e48\u7684\u4e00\u4e2a\u95ee\u9898\u8fd9\u4e2a\u5c0f\u5b69\u5728\u6c99\u6f20\u91cc\u5e72\u4ec0\u4e48\u5730\u70b9\u975e\u5e38\u5947\u602a\u6ca1\u6709\u6c34\u548c\u98df\u7269\u4eba\u4e0d\u53ef\u80fd\u5728\u6c99\u6f20\u91cc\u6d3b\u5f88\u4e45\u7684\u7236\u6bcd\u5728\u54ea\u4e0a\u5b66\u5417\u771f\u7684\u4f4f\u5728\u5929\u4e0a\u5417\u547c\u4e0a\u8fc7\u7684\u5929\u6587\u8bfe\u8bfe\u4e0a\u6ca1\u6709\u8bf4\u5176\u4ed6\u661f\u7403\u4e0a\u6709\u751f\u547d\u597d\u50cf\u4e0d\u592a\u53ef\u80fd']
194,194.0,194.0,cn,female,2.wav,[u'\u6295\u7968\u8c03\u67e5\u548c\u5386\u53f2\u6570\u636e\u663e\u793a\u5f53\u8003\u5b98\u4eec\u503e\u5411\u4e8e\u5f55\u53d6\u90a3\u662f\u4ed6\u4eec\u5c31\u4f1a\u95ee\u90a3\u4e2a\u95ee\u9898\u7684\u95ee\u9898']
195,195.0,195.0,cn,female,18.wav,[u'IPHONE']
196,196.0,196.0,cn,female,32.wav,[u'\u4f60\u753b\u7684\u5f88\u597d\u4f60\u7684\u6545\u4e8b\u6211\u4e5f\u8bfb\u4e86\u5f88\u5165\u8ff7']
197,197.0,197.0,cn,female,13.wav,[u'\u5b89\u5fbd\u60f3\u7559\u4e0b\u5176\u4ed6\u7684\u4f46\u662f\u795e\u5947\u7684\u6234\u7ef4\u65af\u53c8\u6765\u4e86\u5f25\u52d2\u6709\u6ca1\u67e5\u51fa\u51ef\u5229\u7684\u8ba1\u7b97\u9519\u8bef\u53ea\u662f\u8fd9\u6837\u4f1a\u88ab\u70e6\u6b7b\u5f85\u5230\u73b0\u5728\u5218\u7ed9\u5413\u574f\u4e86\u53c8\u8981\u5927\u5bb6\u6211\u73b0\u5728\u53ea\u80fd\u7531\u6211\u7535\u4fe1\u4e0d\u5c31\u56de\u6765']
198,198.0,198.0,cn,female,109.wav,[u'\u7ed9\u4f60\u770b\u4e2a\u4e1c\u897f']
199,199.0,199.0,cn,female,90.wav,[u'\u4f46\u4f60\u4e0d\u80fd\u786e\u5b9a\u662f\u4ed6']
200,200.0,200.0,cn,female,30.wav,[u'\u6211\u53ea\u662f\u6765\u7684\u8bdd\u8fd8\u7ed9\u4f60\u7684']
201,201.0,201.0,cn,female,105.wav,[u'\u7761\u5462\u4f60\u8ba9\u6211\u628a\u8fd9\u672c\u4e66\u770b\u4e00\u904d\u4e00\u904d\u53c8\u4e00\u904d\u77e5\u9053\u6211\u53d8\u8001']
202,202.0,202.0,cn,female,43.wav,[u'\u4f60\u7684\u62db\u5546\u4e00\u56e2\u4e71\u4eca\u5929\u7684\u5b66\u4e60\u8ba1\u5212\u5b8c\u6210\u4e86\u5417']
203,203.0,203.0,cn,female,15.wav,[u'\u5988\u5988']
204,204.0,204.0,cn,female,71.wav,[u'\u6211\u89c9\u5f97\u4f60\u773c\u91cc\u5979\u6bd4\u6211\u66f4\u91cd\u8981']
205,205.0,205.0,cn,female,27.wav,[u'\u8bf7\u4f60\u7ed9\u6211\u753b\u53ea\u7ef5\u7f8a\u5417']
206,206.0,206.0,cn,female,84.wav,[u'\u4eca\u5929\u9ebb\u70e6\u6211\u5728\u98de\u673a\u91cc\u4e0d\u5360\u5730\u65b9\u6211\u4fdd\u8bc1']
207,207.0,207.0,cn,female,94.wav,[u'\u4f46\u662f\u4f60\u5e76\u4e0d\u80fd\u4fdd\u8bc1']
208,208.0,208.0,cn,female,31.wav,[u'\u6211\u5f88\u559c\u6b22']
209,209.0,209.0,cn,female,42.wav,[u'\u90a3\u5979\u53bb\u54ea\u91cc\u4e86']
210,210.0,210.0,cn,female,69.wav,[u'\u8bf4\u4e0d\u5b9a\u4f60\u4eca\u5929\u5c31\u6b7b\u4e86\u5988\u5988\u542c\u6211\u89e3\u91caboob\u6211\u4e0d\u60f3\u542c\u4f60\u8bf4\u8bdd\u4f60\u4e00\u76f4\u5728\u5bf9\u6211\u6492\u8c0e\u4f60\u8fd8\u5bf9\u8b66\u5bdf\u53d1\u8d27\u54e6\u5bf9\u4e86\u6211\u5dee\u70b9\u5fd8\u4e86\u795d\u4f60\u751f\u65e5\u5feb\u4e50']
211,211.0,211.0,cn,female,61.wav,[u'\u5979\u5df2\u7ecf\u62e5\u6709\u73ab\u7470']
212,212.0,212.0,cn,female,82.wav,[u'\u90a3\u6211\u4eec\u4e5f\u4e00\u5b9a\u53ef\u4ee5\u627e\u5230\u5c0f\u738b\u5b50\u4ed6\u4f1a\u5e2e\u52a9']
213,213.0,213.0,en,male,65.wav,[u'not the handsome best dressed the richest most intelligent man on this planet']
214,214.0,214.0,en,male,158.wav,[u'what did you do with that why did you do']
215,215.0,215.0,en,male,39.wav,[u'sure there will be enough grass form a very small sheep']
216,216.0,216.0,en,male,54.wav,[u'superior greedy tree every day keep toiled to stop them from turning up review intervene too late luckily your good seeds too and one day from a seed blown fromno']
217,217.0,217.0,en,male,4.wav,[u'we reviewed your application']
218,218.0,218.0,en,male,22.wav,[u'oh']
219,219.0,219.0,en,male,203.wav,[u'oh my drawing all in order']
220,220.0,220.0,en,male,16.wav,[u'branch']
221,221.0,221.0,en,male,184.wav,"[u""she's curious isn't that just like""]"
222,222.0,222.0,en,male,156.wav,[u'wow']
223,223.0,223.0,en,male,20.wav,"[u""I do believe i've caused extensive damage to the house next door""]"
224,224.0,224.0,en,male,138.wav,[u'inside speeding changes everything running multiple red lights']
225,225.0,225.0,en,male,176.wav,[u'that right Mr never mind']
226,226.0,226.0,en,male,193.wav,[u'very bad for business']
227,227.0,227.0,en,male,181.wav,[u'five hundred and one million six hundred and twenty two thousand seven hundred and thirty']
228,228.0,228.0,en,male,60.wav,[u'over everything']
229,229.0,229.0,en,male,0.wav,"[u""when I was six years old I read a book I'm out of Crimea""]"
230,230.0,230.0,en,male,62.wav,[u'you shall have your son set I shall come and but I shall wait till conditions are favor would be about about']
231,231.0,231.0,en,male,68.wav,"[u""I'm living a great deal among grown ups i've seen them intimately closer and that hasnt much changed my opinion of them""]"
232,232.0,232.0,en,male,53.wav,[u'his planet it was so small only had to do is move his chair a few steps to see another one but small planet also had drawback he needed the sheep to eat the barrel bam PS brows']
233,233.0,233.0,en,male,145.wav,[u'yeah I my subjects']
234,234.0,234.0,en,male,64.wav,[u'it is a hot fa salut actually to raise when people are claimed me clap your hands yeah thank you']
235,235.0,235.0,en,male,147.wav,"[u""what's top floor""]"
236,236.0,236.0,en,male,178.wav,[u'I never knew what this was or where I even got it but I thought maybe it was important to']
237,237.0,237.0,en,male,91.wav,[u'I know a great place where we can get free pancakes on your birthday']
238,238.0,238.0,en,male,200.wav,[u'remember who you are']
239,239.0,239.0,en,male,79.wav,"[u""I can not play with youI'm not tamed does that meanhey means to establish ties to me your still nothing more than a little boy who is just like one hundred thousand other little boys I have no need of youand you have no need of me to you I'm nothing more than a fox like a hundred thousand foxesif you tame me then we shall need each other""]"
240,240.0,240.0,en,male,38.wav,[u'the ship you ask for is inside']
241,241.0,241.0,en,male,126.wav,"[u""it's just like I know the little prince will always be with his roles""]"
242,242.0,242.0,en,male,119.wav,[u'he knew that I had fixed my plane']
243,243.0,243.0,en,male,89.wav,[u'you know go be with the little prince']
244,244.0,244.0,en,male,168.wav,"[u""anything in the central must be made essential dumb really created you might call it a work of art but of course you'll be wrongvery very nothing so trivial that its more important much more""]"
245,245.0,245.0,en,male,118.wav,[u'did you show it disappeared among the stones happens']
246,246.0,246.0,en,male,52.wav,[u'very fond of sunsets one day he saw forty four']
247,247.0,247.0,en,male,88.wav,"[u""and what if it's time for me""]"
248,248.0,248.0,en,male,113.wav,"[u""quite little one we can't just take off""]"
249,249.0,249.0,en,male,114.wav,"[u""no no I'm sorry but when the moment does come for me to leave""]"
250,250.0,250.0,en,male,96.wav,[u'you have a drivers license']
251,251.0,251.0,en,male,46.wav,[u'star on asteroid asteroid be six one two']
252,252.0,252.0,en,male,198.wav,"[u""you're here""]"
253,253.0,253.0,en,male,28.wav,[u'like']
254,254.0,254.0,en,male,117.wav,[u'I want to find the little prince']
255,255.0,255.0,en,male,106.wav,[u'I said to myself what I']
256,256.0,256.0,en,male,177.wav,"[u""oh I didn't think that through the business man is going to be very disappointed in me""]"
257,257.0,257.0,en,male,144.wav,[u'haa']
258,258.0,258.0,en,male,12.wav,"[u""I don't know""]"
259,259.0,259.0,en,male,85.wav,[u'then you came along just in time']
260,260.0,260.0,en,male,171.wav,[u'good you brought with you']
261,261.0,261.0,en,male,92.wav,"[u""they don't know that""]"
262,262.0,262.0,en,male,8.wav,[u'nose']
263,263.0,263.0,en,male,14.wav,[u'Roger that']
264,264.0,264.0,en,male,9.wav,[u'hey']
265,265.0,265.0,en,male,146.wav,[u'you wish what he said']
266,266.0,266.0,en,male,199.wav,"[u""I don't even remember""]"
267,267.0,267.0,en,male,51.wav,"[u""I think it's baloney""]"
268,268.0,268.0,en,male,6.wav,[u'we ask you just one']
269,269.0,269.0,en,male,19.wav,[u'ah yes']
270,270.0,270.0,en,male,49.wav,"[u""hello can't answer you keep Manning to Soham and laugh""]"
271,271.0,271.0,en,male,110.wav,[u'I made a big mistake the other day']
272,272.0,272.0,en,male,93.wav,[u'girl play']
273,273.0,273.0,en,male,120.wav,"[u""it wasn't my choice""]"
274,274.0,274.0,en,male,55.wav,[u'rose began very quickly to tormented with her']
275,275.0,275.0,en,male,159.wav,"[u""its right I don't need to cry""]"
276,276.0,276.0,en,male,163.wav,[u'children are certainly very very very odd this is not good someone who can help']
277,277.0,277.0,en,male,149.wav,[u'wow']
278,278.0,278.0,en,male,37.wav,[u'the ramp was born this one was']
279,279.0,279.0,en,male,191.wav,"[u""he thinks he's little pregnant""]"
280,280.0,280.0,en,male,165.wav,"[u""yeah we don't know my""]"
281,281.0,281.0,en,male,81.wav,[u'she is your rose it is the time that you have devoted to her that makes your rose']
282,282.0,282.0,en,male,100.wav,"[u""ma'am I'm sorry to put apparently they were going to get""]"
283,283.0,283.0,en,male,167.wav,[u'so have you been thanks good I love my job cleaning the roof wonderful']
284,284.0,284.0,en,male,123.wav,[u'it would comfort me very much know for sure but']
285,285.0,285.0,en,male,40.wav,[u'hold on haha yeah']
286,286.0,286.0,en,male,183.wav,[u'the stars have finally been made a saint']
287,287.0,287.0,en,male,154.wav,"[u""excuse me I'm very busy""]"
288,288.0,288.0,en,male,107.wav,[u'we found the well daybreak']
289,289.0,289.0,en,male,152.wav,[u'him can I']
290,290.0,290.0,en,male,140.wav,[u'no use of trans secret no signals']
291,291.0,291.0,en,male,160.wav,"[u""I need to cry I'm a grown up I'm a grown man""]"
292,292.0,292.0,en,male,192.wav,"[u""I'm not focused on I'm hopeful I'm full of hope and I love a rose for me""]"
293,293.0,293.0,en,male,173.wav,[u'credibly succeed']
294,294.0,294.0,en,male,134.wav,[u'are']
295,295.0,295.0,en,male,150.wav,[u'yes yes no I was just taking a little break']
296,296.0,296.0,en,male,72.wav,"[u""but I'm more powerful than the finger of a game""]"
297,297.0,297.0,en,male,58.wav,[u'like a bad starter out']
298,298.0,298.0,en,male,86.wav,[u'hello everyone had to say goodbye soon or later']
299,299.0,299.0,en,male,116.wav,"[u""I think it's time I told you the end of the""]"
300,300.0,300.0,en,male,143.wav,[u'oh']
301,301.0,301.0,en,male,76.wav,[u'haa']
302,302.0,302.0,en,male,174.wav,[u'not at all']
303,303.0,303.0,en,male,179.wav,[u'my sheep']
304,304.0,304.0,en,male,3.wav,[u'haha']
305,305.0,305.0,en,male,73.wav,[u'I can carry you further than any shift could take you I can help you some day you go too homesick for your own plan']
306,306.0,306.0,en,male,70.wav,[u'I managed to grow up and I never forgot the little prince']
307,307.0,307.0,en,male,33.wav,[u'oh']
308,308.0,308.0,en,male,111.wav,"[u""you can't come over here anymore""]"
309,309.0,309.0,en,male,99.wav,[u'haa']
310,310.0,310.0,en,male,142.wav,[u'uniformed officer of the law']
311,311.0,311.0,en,male,164.wav,[u'Mr pregnant lessens surprise']
312,312.0,312.0,en,male,17.wav,"[u""yeah I'm just dumb I was emerged in a game of bridge do you blame""]"
313,313.0,313.0,en,male,5.wav,"[u""yes you don't know where everything looks to be in place""]"
314,314.0,314.0,en,male,182.wav,"[u""oh shit with me oh I almost used to be merely golden objects in the sky it's sad lazy man""]"
315,315.0,315.0,en,male,172.wav,"[u""now there's nothing essential in here""]"
316,316.0,316.0,en,male,137.wav,[u'though']
317,317.0,317.0,en,male,98.wav,[u'I guess']
318,318.0,318.0,en,male,190.wav,"[u""take your hands off her what stop I'm not a failure""]"
319,319.0,319.0,en,male,67.wav,[u'well he does me the good of making me really house']
320,320.0,320.0,en,male,77.wav,[u'oh wow that was a double scary']
321,321.0,321.0,en,male,50.wav,"[u""I'm fine just happened sometimes I just need a minute now though the last time this happened ever down here for three days ok I thought I was keeping sandwich in my pocket I want to buy bologna""]"
322,322.0,322.0,en,male,21.wav,"[u""don't town i'd rather not homoI know what you'reyetsure""]"
323,323.0,323.0,en,male,45.wav,[u'be rude sure go ahead you got']
324,324.0,324.0,en,male,97.wav,[u'runners high you obviously started your car']
325,325.0,325.0,en,male,180.wav,"[u""I don't get it""]"
326,326.0,326.0,en,male,78.wav,[u'triple happy']
327,327.0,327.0,en,male,139.wav,[u'structure of city property']
328,328.0,328.0,en,male,162.wav,[u'mark']
329,329.0,329.0,en,male,57.wav,"[u""well he didn't know at the time but his leaving was just the first step on the journey back to her yeah""]"
330,330.0,330.0,en,male,102.wav,[u'fox']
331,331.0,331.0,en,male,36.wav,"[u""when the mystery is too over powering one dare not disrobe a draw I don't know how to draw""]"
332,332.0,332.0,en,male,130.wav,[u'share']
333,333.0,333.0,en,male,66.wav,[u'you do me this kindness admire me just the same']
334,334.0,334.0,en,male,29.wav,[u'oh']
335,335.0,335.0,en,male,75.wav,[u'normal is scary why do you think I said you']
336,336.0,336.0,en,male,41.wav,"[u""I didn't like it""]"
337,337.0,337.0,en,male,63.wav,[u'two eight ha']
338,338.0,338.0,en,male,103.wav,[u'your busy always working']
339,339.0,339.0,en,male,170.wav,"[u""you finally did something right businessman central like bitch yes I ain't most""]"
340,340.0,340.0,en,male,185.wav,[u'thank you alright ha ha']
341,341.0,341.0,en,male,74.wav,[u'how about one on the left there']
342,342.0,342.0,en,male,48.wav,[u'oh where would you live your some things just kind of stick to you I do the name for it though I am a hoarderhaa']
343,343.0,343.0,en,male,112.wav,[u'wow']
344,344.0,344.0,en,male,26.wav,[u'maybe']
345,345.0,345.0,en,male,44.wav,[u'you have questions']
346,346.0,346.0,en,male,83.wav,"[u""if you can do that you'll never be lonely again""]"
347,347.0,347.0,en,male,202.wav,[u'you could this']
348,348.0,348.0,en,male,141.wav,[u'update']
349,349.0,349.0,en,male,187.wav,[u'innocent Jill has become perfectly how it should be for all']
350,350.0,350.0,en,male,194.wav,"[u""what's happening""]"
351,351.0,351.0,en,male,161.wav,"[u""my brushes got knocked over I don't need to cum""]"
352,352.0,352.0,en,male,155.wav,"[u""what does it look like I have time for friends I'm working""]"
353,353.0,353.0,en,male,87.wav,[u'get that old plane running']
354,354.0,354.0,en,male,1.wav,[u'the book said boa constrictor swallowing their']
355,355.0,355.0,en,male,133.wav,[u'oh']
356,356.0,356.0,en,male,47.wav,[u'really wanted to shoot that pretty much proved that he is trying to']
357,357.0,357.0,en,male,59.wav,[u'it is a subject approach']
358,358.0,358.0,en,male,131.wav,"[u""don't""]"
359,359.0,359.0,en,male,188.wav,[u'make sure no one need to feel']
360,360.0,360.0,en,male,2.wav,[u'I advise you stick to arithmetic history']
361,361.0,361.0,en,male,18.wav,[u'again']
362,362.0,362.0,en,male,32.wav,[u'I feel more less over the world until I had an accident in the Sahara desert']
363,363.0,363.0,en,male,169.wav,[u'this how they help me']
364,364.0,364.0,en,male,115.wav,[u'I have to go alone']
365,365.0,365.0,en,male,13.wav,"[u""I didn't actually believe he had a plane back there I think they will guy flew away""]"
366,366.0,366.0,en,male,151.wav,"[u""oh that's great please don't report me breaks over I'm working""]"
367,367.0,367.0,en,male,109.wav,[u'no no']
368,368.0,368.0,en,male,196.wav,[u'yeah']
369,369.0,369.0,en,male,90.wav,[u'hey']
370,370.0,370.0,en,male,105.wav,[u'look at this pale forehead is closed eyes locks of hair']
371,371.0,371.0,en,male,166.wav,"[u""I'll make an exception""]"
372,372.0,372.0,en,male,43.wav,[u'on']
373,373.0,373.0,en,male,15.wav,[u'very good afternoon to you officer']
374,374.0,374.0,en,male,56.wav,[u'full of doubt he ran away']
375,375.0,375.0,en,male,125.wav,"[u""oh but if you look with your heart I'll always be with you""]"
376,376.0,376.0,en,male,71.wav,"[u""it's also long your mom man""]"
377,377.0,377.0,en,male,204.wav,[u'this is so wonderful']
378,378.0,378.0,en,male,84.wav,"[u""wow I'm so lucky that's all I never find anyone who wanted to hear my story""]"
379,379.0,379.0,en,male,175.wav,[u'here we take a more accelerated approach to growing up']
380,380.0,380.0,en,male,127.wav,[u'my sweetheart little prince will never forget you always be up there for us to help us']
381,381.0,381.0,en,male,42.wav,[u'number good']
382,382.0,382.0,en,male,122.wav,[u'it is as he said I look at the stars and I hear him laughing']
383,383.0,383.0,en,male,153.wav,[u'yeah']
384,384.0,384.0,en,male,157.wav,[u'have to work thank you']
385,385.0,385.0,en,male,186.wav,"[u""don't worry my""]"
386,386.0,386.0,en,male,69.wav,[u'growing up is not the problem forgetting you']
387,387.0,387.0,en,male,61.wav,[u'they certainly do I do not permit insubordinate']
388,388.0,388.0,en,male,82.wav,[u'but they will the box you see the little prince when he looks with his heart']
389,,,en,female,65.wav,[u'sire over what do you rule']
390,,,en,female,148.wav,[u'supposed to give it this mark give me that']
391,,,en,female,158.wav,[u'this evidence child']
392,,,en,female,39.wav,[u'do you think that she believed a great deal of grass because where I live everything is very']
393,,,en,female,54.wav,"[u""I suppose you wouldn't have to scream and at night I want you to put me in black""]"
394,,,en,female,128.wav,"[u""you can't know for sure what if he's not back with his rope what if he's all grown up and alone""]"
395,,,en,female,4.wav,[u'yes I am']
396,,,en,female,16.wav,"[u""you're going to make a wonderful grownup""]"
397,,,en,female,156.wav,[u'sure about this']
398,,,en,female,20.wav,"[u""you're my senior VP""]"
399,,,en,female,138.wav,[u'a friend of a friend we never pushed']
400,,,en,female,60.wav,[u'my friend']
401,,,en,female,0.wav,[u'time to get in time to get time time time time time time']
402,,,en,female,108.wav,"[u""let's go look for a""]"
403,,,en,female,62.wav,[u'yes']
404,,,en,female,68.wav,"[u""you're wearing a funny kind of hat""]"
405,,,en,female,53.wav,[u'now that']
406,,,en,female,145.wav,"[u""wasn't him""]"
407,,,en,female,64.wav,[u'on Thursdays from one to one']
408,,,en,female,147.wav,[u'not going to like this']
409,,,en,female,91.wav,"[u""mom I can't wait for me inside but now""]"
410,,,en,female,79.wav,[u'just reach']
411,,,en,female,38.wav,[u'that is exactly the way I wanted it']
412,,,en,female,126.wav,[u'just look at the stars']
413,,,en,female,119.wav,"[u""and so when you look up at the sky at night it'll be""]"
414,,,en,female,89.wav,"[u""good afternoon officer if I may interject for I'm""]"
415,,,en,female,168.wav,[u'supposed to be']
416,,,en,female,118.wav,[u'one of those stars I shall be living in one of them I shall be']
417,,,en,female,52.wav,"[u""I think I'm learning tolerance""]"
418,,,en,female,88.wav,[u'let the one you crash']
419,,,en,female,24.wav,[u'ah']
420,,,en,female,113.wav,"[u""I won't take up much room in the flame I promise""]"
421,,,en,female,136.wav,[u'oh']
422,,,en,female,114.wav,"[u""don't go without me""]"
423,,,en,female,96.wav,[u'you even manage to light your life plan']
424,,,en,female,46.wav,"[u""I don't mean to be rude can I""]"
425,,,en,female,28.wav,"[u""what kind of knot keeps an airplane and actually starts it in his backyard honey are you sure your ok I'll have to call insurance agent and file a police report and photo documentation inside an outside""]"
426,,,en,female,117.wav,"[u""I'm going to make you""]"
427,,,en,female,106.wav,[u'what makes the desert beautiful is that somewhere it hides a well']
428,,,en,female,80.wav,[u'I got your girl']
429,,,en,female,144.wav,[u'I thought you were someone else']
430,,,en,female,12.wav,[u'I call it your life plan life']
431,,,en,female,85.wav,[u'what do you mean just in time']
432,,,en,female,171.wav,[u'sweetie damn relate']
433,,,en,female,92.wav,[u'God no no no no']
434,,,en,female,95.wav,"[u""you come from killed mom I can explain no you mean you can lie you've been lying to me you like to the police officer oh yes right before I forget happy birthday""]"
435,,,en,female,8.wav,"[u""just gonna have to go to plan be your playing was impossible that's why we want to plan a plan be is the new plan moving forward neighborhood identified by some miracle the house in the neighborhood""]"
436,,,en,female,14.wav,"[u""but for now all your attention should be focused here the first day of your new schoolfifty three days of practice which doesn't sound like much until you break it into ours one thousand two hundred and seventy two minutes seventy six thousand three hundred and twenty only then do you realize how much can be""]"
437,,,en,female,9.wav,[u'available and major future']
438,,,en,female,146.wav,[u'Mr']
439,,,en,female,51.wav,[u'are you okay']
440,,,en,female,6.wav,[u'ha ha ha zero one seven']
441,,,en,female,19.wav,"[u""if anyone can do it it's you you go""]"
442,,,en,female,49.wav,[u'British you get all this']
443,,,en,female,110.wav,"[u""I think if you guys managed to walk into the desert and find a well then we can go find a little prince he'll be able to help""]"
444,,,en,female,93.wav,"[u""according to this you're still in bed""]"
445,,,en,female,120.wav,"[u""I'm go that's the snake""]"
446,,,en,female,55.wav,[u'he left her alone']
447,,,en,female,159.wav,[u'please those are important']
448,,,en,female,163.wav,"[u""you're supposed to just count the stars""]"
449,,,en,female,149.wav,"[u""just call oh haha I'm working""]"
450,,,en,female,11.wav,"[u""do you really think I'm worth academy material you will be by the end of the summer because I have designed to plan""]"
451,,,en,female,37.wav,[u'too']
452,,,en,female,165.wav,[u'what are you gonna do with all the stars']
453,,,en,female,100.wav,"[u""if you are ever around you'd see that""]"
454,,,en,female,167.wav,[u'ha ha ha ha ha']
455,,,en,female,124.wav,"[u""but you don't know for sure""]"
456,,,en,female,123.wav,"[u""you said he's up there""]"
457,,,en,female,40.wav,"[u""not so small that he's going to sleep""]"
458,,,en,female,154.wav,[u'oh']
459,,,en,female,107.wav,[u'what they are looking for could be found in a single rose']
460,,,en,female,152.wav,[u'rose a really beautiful one miraculous even when it was unique in all the world']
461,,,en,female,140.wav,[u'me why are you not on your plan']
462,,,en,female,160.wav,[u'how could everything essential fit into just one']
463,,,en,female,173.wav,"[u""that's sweet""]"
464,,,en,female,134.wav,"[u""don't do bad""]"
465,,,en,female,150.wav,[u'want to travel with the block of migraine']
466,,,en,female,72.wav,[u'sorry']
467,,,en,female,25.wav,[u'where did you get the pen']
468,,,en,female,23.wav,[u'try to start your play']
469,,,en,female,58.wav,[u'well what have you been doing']
470,,,en,female,104.wav,[u'I believe that for his escape he took advantage of the migration of a flock of wild birds ok ok you have two weeks to focus on what is essential']
471,,,en,female,86.wav,[u'he already has his role']
472,,,en,female,116.wav,[u'it is much further it is much more difficult']
473,,,en,female,143.wav,[u'are you okay']
474,,,en,female,76.wav,[u'you are funny you are no thicker than']
475,,,en,female,132.wav,[u'theater']
476,,,en,female,174.wav,[u'haha']
477,,,en,female,3.wav,[u'are you worth academy material']
478,,,en,female,73.wav,"[u""I'm not so sure I want to grow up anymore""]"
479,,,en,female,70.wav,[u'good does that do']
480,,,en,female,33.wav,[u'if you please draw me a sheep']
481,,,en,female,111.wav,"[u""we're going to fix our wings""]"
482,,,en,female,99.wav,"[u""this is your life and I'm the only one taking any responsibility for it that's your version of my life not mine""]"
483,,,en,female,142.wav,[u'when conditions are favorable']
484,,,en,female,164.wav,[u'hey where did you get that']
485,,,en,female,17.wav,[u'thank you mom']
486,,,en,female,5.wav,[u'three things worth academy']
487,,,en,female,172.wav,[u'we need to stop at the hospital before school']
488,,,en,female,137.wav,"[u""I'm just trying to find my friend""]"
489,,,en,female,98.wav,[u'I care about it as much as I care about you is you']
490,,,en,female,121.wav,[u'you understand it is too far I cannot carry this body with']
491,,,en,female,67.wav,[u'that would be this evening about twenty minutes']
492,,,en,female,77.wav,"[u""you haven't any feat you cannot even travel""]"
493,,,en,female,50.wav,"[u""what's your name little box""]"
494,,,en,female,21.wav,"[u""I'm just thankful we don't live next door""]"
495,,,en,female,45.wav,[u'I mean curious or interesting I guess I have some issues with some of the facts']
496,,,en,female,97.wav,"[u""shouldn't box full of magnets sometimes I think you care about it more than me you're wrong""]"
497,,,en,female,78.wav,[u'I think I understand you']
498,,,en,female,139.wav,"[u""I'm just gonna probably take him home attempt to get up""]"
499,,,en,female,34.wav,[u'if you please draw me a sheep']
500,,,en,female,135.wav,[u'and are you sorry officer fuck me just explain']
501,,,en,female,162.wav,[u'hater gave it to you in the desert on earth day']
502,,,en,female,57.wav,[u'not exactly']
503,,,en,female,102.wav,[u'you just like him now']
504,,,en,female,36.wav,"[u""that doesn't matter""]"
505,,,en,female,130.wav,[u'I hate the little prince I always my whole summer on a little French but I wish you would never told me the story story']
506,,,en,female,66.wav,[u'and the stars obey']
507,,,en,female,7.wav,[u'currently they changed the big question']
508,,,en,female,29.wav,"[u""what call contractor in the morning and we'll forget the old man even exists forgotten""]"
509,,,en,female,75.wav,[u'rather it is the little desert']
510,,,en,female,41.wav,[u'I just want to keep your drawing back']
511,,,en,female,63.wav,[u'if you study hard and you stayed completely on track with the plan you can spend some time with your new friend']
512,,,en,female,103.wav,[u'how long until you completely disappear']
513,,,en,female,170.wav,[u'fuck you know about him']
514,,,en,female,74.wav,"[u""I definitely don't want to forget""]"
515,,,en,female,48.wav,[u'cover asteroids']
516,,,en,female,112.wav,"[u""I won't be any trouble""]"
517,,,en,female,101.wav,[u'why I have to work so hard']
518,,,en,female,26.wav,[u'old man next door']
519,,,en,female,44.wav,[u'I found it']
520,,,en,female,83.wav,[u'roses just to come and rose but she told me she was the only one of her kind in the whole universe']
521,,,en,female,10.wav,[u'mom']
522,,,en,female,141.wav,"[u""why you so small because I'm a child""]"
523,,,en,female,161.wav,"[u""so what I'm supposed to read this over and over and over and tell him oh""]"
524,,,en,female,155.wav,[u'you so short']
525,,,en,female,87.wav,[u'but my birthday is not for two weeks']
526,,,en,female,133.wav,[u'so sorry']
527,,,en,female,47.wav,"[u""wow first of all what was the kid doing in the desert that's very strange don't come ask me long in the desert without food and water various parents does he even go to school really live up their because I took basic astronomy and there was no mention of any true star""]"
528,,,en,female,59.wav,[u'I read a lot']
529,,,en,female,35.wav,[u'join me is she']
530,,,en,female,131.wav,[u'tomorrow is an important day']
531,,,en,female,129.wav,"[u""I don't want to say""]"
532,,,en,female,2.wav,[u'exit polling at historical data tell us that panel is leaning toward accepting they will ask me one question']
533,,,en,female,18.wav,"[u""I wish I could stay sweetie but it's the Deva sod it again the Cowley numbers on the Miller oversight is still problematic only this time fines caught wind of it now logan's in a panic and Fisher wants nothing to do with it Lilian now i've got to go and make it all out even sure that's possible""]"
534,,,en,female,32.wav,[u'during lunch can all those pennies']
535,,,en,female,169.wav,[u'grow up']
536,,,en,female,115.wav,[u'I shall be there tonight wait for me']
537,,,en,female,13.wav,"[u""life plan we're not leaving anything to chance everything's here oriented talk to bottom left to right let's take a closer look the minute of the""]"
538,,,en,female,151.wav,"[u""you changed the fox fox like him never had a path wasn't your pet he was your friend""]"
539,,,en,female,109.wav,"[u""it's okay this will be the last time let's go get that plane earning""]"
540,,,en,female,90.wav,"[u""did you know it's my birthday""]"
541,,,en,female,30.wav,[u'once upon a time']
542,,,en,female,105.wav,[u'script hello']
543,,,en,female,166.wav,[u'about']
544,,,en,female,43.wav,"[u""it's nice ever story too""]"
545,,,en,female,15.wav,"[u""so I can't afford any""]"
546,,,en,female,56.wav,[u'desk is a mess did you finish your study work for today']
547,,,en,female,125.wav,[u'so why you want me to when you go']
548,,,en,female,71.wav,[u'and what good does it do you did you']
549,,,en,female,27.wav,[u'actually there was a police officer who gave them to me']
550,,,en,female,84.wav,"[u""right but I'm not lonely I thought you know""]"
551,,,en,female,175.wav,"[u""i've got something to show you""]"
552,,,en,female,94.wav,"[u""even have a driver's license oh no they took it away after the fourth time he drove away with the gas pump attached""]"
553,,,en,female,31.wav,[u'there is a little prince who have done the planet that was scarcely figure than himself']
554,,,en,female,127.wav,"[u""make believe that you're not gone""]"
555,,,en,female,42.wav,[u'no I did']
556,,,en,female,122.wav,"[u""it will be like old abandoned shell there's nothing sad about old shells""]"
557,,,en,female,153.wav,"[u""don't""]"
558,,,en,female,157.wav,[u'what do you you said you would help am']
559,,,en,female,69.wav,"[u""but you're the only man on this planet""]"
560,,,en,female,61.wav,[u'no no no no no no nope']
561,,,en,female,82.wav,[u'ha ha']
